{"cameraMode":{"drawMode":0,"name":"Shaded","section":"Shading Mode"},"sceneLighting":true,"audioPlay":false,"sceneViewState":{"showFog":true,"showMaterialUpdate":false,"showSkybox":true,"showFlares":true,"showImageEffects":true,"showParticleSystems":true},"in2DMode":false,"pivot":{"x":-12.333176612854004,"y":-4.266654968261719,"z":83.65142822265625},"rotation":{"x":0.0014426267007365823,"y":0.273951917886734,"z":-0.00041092492756433785,"w":0.9617422819137573},"size":9.31781005859375,"orthographic":false}